Peptide,ID,allele,ELRank
LTDRSFPAY,BDLF2,A_101,0.0048
ATIGTAMYK,BRLF1,A_1101,0.003
FLDKGTYTL,BALF4,A_201,0.0015
YFYQVLLQY,BGLF5,A_2902,0.0009
RTWDRMTEK,BNRF1,A_301,0.0044
,,,
RTFEHFMAR,BcLF1,A_3101,0.001
KSYARIHTF,LF2,A_3201,0.002
NYIPVYHNF,BPLF1,A_2301,0.0003
ETYSLQHRR,BcLF1,A_6801,0.0022
ETAQPTVFV,BPLF1,A_6802,0.0015
RVKTFFQTK,BCRF1,A_3001,0.0014
HVYDILETV,BALF5,A_205,0.0029
NYIPVYHNF,BPLF1,A_2402,0.0005
EVFFGLSRY,BMRF2,A_2601,0.0008
SQQPVQMLY,BALF4,A_3002,0.0025
SVMPPVFGR,BDLF1,A_3303,0.0027
ALIDEFMSV,BcLF1,A_206,0.0024
ETYSLQHRR,BcLF1,A_3301,0.0057
ATIGTAMYK,BRLF1,A_1102,0.003
RTFEHFMAR,BcLF1,A_7401,0.0032
TTVQPTATR,BALF4,A_6601,0.0039
TLHPHLEEV,BGRF1_BDRF1,A_202,0.0018
SVMPPVFGR,BDLF1,A_3402,0.0031
SLSKVILTK,BSLF2_BMLF1,A_302,0.0054
TLHPHLEEV,BGRF1_BDRF1,A_203,0.0012
KLYDSVTEL,BGLF4,A_211,0.0018
AYPPLVHTY,BFLF1,A_3004,0.0032
EVFFGLSRY,BMRF2,A_2501,0.002
GLSQPSLLY,BFLF2,A_8001,0.0045
RSDEYVAYY,BBRF1,A_102,0.0048
ATIGTAMYK,BRLF1,A_1103,0.0036
ESMDISPSY,BNRF1,A_2608,0.0033
NYIPVYHNF,BPLF1,A_2403,0.0009
TTVQPTATR,BALF4,A_3401,0.0053
HVYDILETV,BALF5,A_6901,0.002
FLDKGTYTL,BALF4,A_216,0.0017
TTVQPTATR,BALF4,A_6602,0.0039
NYIPVYHNF,BPLF1,A_2407,0.0007
RSDEYVAYY,BBRF1,A_3601,0.0029
YFYQVLLQY,BGLF5,A_2901,0.0009
FLDKGTYTL,BALF4,A_207,0.0008
NYIPVYHNF,BPLF1,A_2410,0.0014
RTFEHFMAR,BcLF1,A_3104,0.0017
KLYDSVTEL,BGLF4,A_220,0.0014
FLDKGTYTL,BALF4,A_201,0.0015
ETYSLQHRR,BcLF1,A_3301,0.0057
,,,
NYIPVYHNF,BPLF1,A_2301,0.0003
YFYQVLLQY,BGLF5,A_2902,0.0009
RTWDRMTEK,BNRF1,A_301,0.0044
NYIPVYHNF,BPLF1,A_2402,0.0005
ATIGTAMYK,BRLF1,A_1101,0.003
ETYSLQHRR,BcLF1,A_6801,0.0022
EVFFGLSRY,BMRF2,A_2601,0.0008
KSYARIHTF,LF2,A_3201,0.002
RTFEHFMAR,BcLF1,A_3101,0.001
ETAQPTVFV,BPLF1,A_6802,0.0015
RVKTFFQTK,BCRF1,A_3001,0.0014
SQQPVQMLY,BALF4,A_3002,0.0025
SVMPPVFGR,BDLF1,A_3402,0.0031
EVFFGLSRY,BMRF2,A_2501,0.002
YFYQVLLQY,BGLF5,A_2901,0.0009
SVMPPVFGR,BDLF1,A_3303,0.0027
TTVQPTATR,BALF4,A_6601,0.0039
NYIPVYHNF,BPLF1,A_2407,0.0007
HVYDILETV,BALF5,A_205,0.0029
ESMDISPSY,BNRF1,A_2608,0.0033
ALIDEFMSV,BcLF1,A_206,0.0024
RTFEHFMAR,BcLF1,A_7401,0.0032
AYPPLVHTY,BFLF1,A_3004,0.0032
TTVQPTATR,BALF4,A_6602,0.0039
GLSQPSLLY,BFLF2,A_8001,0.0045
TLHPHLEEV,BGRF1_BDRF1,A_202,0.0018
RSDEYVAYY,BBRF1,A_3601,0.0029
TTVQPTATR,BALF4,A_3401,0.0053
KLYDSVTEL,BGLF4,A_211,0.0018
RSDEYVAYY,BBRF1,A_102,0.0048
HVYDILETV,BALF5,A_6901,0.002
SLSKVILTK,BSLF2_BMLF1,A_302,0.0054
NYIPVYHNF,BPLF1,A_2403,0.0009
TLHPHLEEV,BGRF1_BDRF1,A_203,0.0012
ATIGTAMYK,BRLF1,A_1102,0.003
RTFEHFMAR,BcLF1,A_3104,0.0017
NYIPVYHNF,BPLF1,A_2410,0.0014
FLDKGTYTL,BALF4,A_216,0.0017
ATIGTAMYK,BRLF1,A_1103,0.0036
RTFEHFMAR,BcLF1,A_7403,0.0032
FLDKGTYTL,BALF4,A_207,0.0008
EVFFGLSRY,BMRF2,A_2603,0.0031
ELHSKIKSL,BBRF1,B_801,0.0024
DRFGRDHAL,BGLF3_5,B_1402,0.0007
RPRPPARSL,EBNA-LP,B_702,0.0004
SELLRSLLW,BOLF1,B_4402,0.0051
,,,
GRLAFVNSF,BcLF1,B_2705,0.0056
DEHVLSLVF,BXLF2,B_1801,0.0019
SHMPLLTSA,BLLF1,B_3906,0.0012
REYYRLVTA,BORF2,B_5001,0.0035
AELSELLYW,BALF3,B_4403,0.0056
SEWDVTQAL,BORF2,B_4002,0.0042
LPVPRVITY,BcRF1,B_3501,0.0018
TQMPHLAVY,BALF5,B_1501,0.0022
SEWDVTQAL,BORF2,B_4001,0.0044
LPGLTAHTW,BBLF4,B_5301,0.0027
SEFDIFINY,BCRF1,B_4701,0.0058
RPRAPVVAA,BPLF1,B_5501,0.0007
FPFLPIHYV,BBLF2_BBLF3,B_5101,0.0028
AEIQQFLRL,BNRF1,B_3701,0.0052
HSRPLLTLW,BRRF1,B_5701,0.002
RQSPIFLTL,BcRF1,B_1302,0.0023
FPIPQAPAL,BPLF1,B_3503,0.0006
NHSDAPVAF,BFLF1,B_3801,0.0032
AQVPEPPTI,EBNA-3A,B_5201,0.0064
KELDVVLRI,BFLF1,B_4901,0.0043
RPRPPARSL,EBNA-LP,B_4201,0.0014
HMHLGSVSY,BDLF1,B_1502,0.0018
DRFGRDHAL,BGLF3_5,B_1401,0.0007
RPRPPARSL,EBNA-LP,B_705,0.0008
NHSDAPVAF,BFLF1,B_3802,0.0028
LSLPPGPTF,BXRF1,B_1517,0.002
YHHFKTIEL,BALF4,B_3901,0.0013
RQSPIFLTL,BcRF1,B_4801,0.0011
FPHPSKPTF,BRLF1,B_5106,0.0027
NHSDAPVAF,BFLF1,B_1518,0.0027
KTASSLQKW,BMRF1,B_5801,0.0011
AEHVRVQQL,BSLF1,B_4102,0.0024
RQSPIFLTL,BcRF1,B_1301,0.0013
AEATSSLTA,BALF2,B_4501,0.0029
AQVEHPKTY,BGLF1,B_1503,0.0008
EEAPAAVSF,BMRF1,B_4405,0.0042
SELKIHLAA,BLLF3,B_4006,0.0044
AEATAILEA,BBLF2_BBLF3,B_4101,0.0047
LSLPPGPTF,BXRF1,B_1516,0.0042
YLIPETVPY,BLLF1,B_4601,0.0041
HHISTEMEL,BcLF1,B_1510,0.0017
IPIPLPQAA,BPLF1,B_5601,0.0019
SRMRVMMTY,BDLF1,B_2702,0.0043
HMHLGSVSY,BDLF1,B_1521,0.0022
RPAPPKIAM,EBNA-3A,B_8101,0.0019
RRFSWTLFL,BHRF1,B_2707,0.0052
FPIPQAPAL,BPLF1,B_3502,0.0005
NPDLYVTTY,BMRF1,B_3508,0.0023
KTASSLQKW,BMRF1,B_5802,0.0029
LPVPRVITY,BcRF1,B_3505,0.0016
ALYEASTTY,BXLF2,B_1525,0.0012
FPAQIANSA,BPLF1,B_5401,0.0012
KSYARIHTF,LF2,B_5703,0.0021
RQIPKIQNF,BXLF2,B_1524,0.0022
LPVPRVITY,BcRF1,B_3543,0.0014
FPFLPIHYV,BBLF2_BBLF3,B_5108,0.0037
KTASSLQKW,BMRF1,B_5702,0.0023
SEEPLAQAF,BBLF2_BBLF3,B_4404,0.0045
YAGPPPVAW,LF1,B_1513,0.0057
FPYAGPPPV,LF1,B_7801,0.0031
DRHYFVMTA,BSLF1,B_7301,0.0031
TPAPVPQPL,BRLF1,B_3910,0.0019
RRFSWTLFL,BHRF1,B_2704,0.0043
ALYEASTTY,BXLF2,B_1504,0.0047
HMHLGSVSY,BDLF1,B_1515,0.0028
SAFAQSPAY,BORF2,B_3510,0.0022
TPAPVPQPL,BRLF1,B_8201,0.0039
RQSPIFLTL,BcRF1,B_4012,0.0019
TQMPHLAVY,BALF5,B_1507,0.0025
DEHVLSLVF,BXLF2,B_1803,0.002
FPFLPIHYV,BBLF2_BBLF3,B_5102,0.0025
TQMPHLAVY,BALF5,B_1501,0.0022
LPVPRVITY,BcRF1,B_3501,0.0018
RPRAPVVAA,BPLF1,B_5501,0.0007
,,,
AELSELLYW,BALF3,B_4403,0.0056
SEWDVTQAL,BORF2,B_4001,0.0044
FPFLPIHYV,BBLF2_BBLF3,B_5101,0.0028
HSRPLLTLW,BRRF1,B_5701,0.002
AEIQQFLRL,BNRF1,B_3701,0.0052
ELHSKIKSL,BBRF1,B_801,0.0024
SELLRSLLW,BOLF1,B_4402,0.0051
NHSDAPVAF,BFLF1,B_3801,0.0032
REYYRLVTA,BORF2,B_5001,0.0035
KELDVVLRI,BFLF1,B_4901,0.0043
LPGLTAHTW,BBLF4,B_5301,0.0027
DEHVLSLVF,BXLF2,B_1801,0.0019
AQVEHPKTY,BGLF1,B_1503,0.0008
AQVPEPPTI,EBNA-3A,B_5201,0.0064
GRLAFVNSF,BcLF1,B_2705,0.0056
IPIPLPQAA,BPLF1,B_5601,0.0019
FPFLPIHYV,BBLF2_BBLF3,B_5108,0.0037
AEATSSLTA,BALF2,B_4501,0.0029
SRMRVMMTY,BDLF1,B_2702,0.0043
DRFGRDHAL,BGLF3_5,B_1402,0.0007
RQSPIFLTL,BcRF1,B_1302,0.0023
DRFGRDHAL,BGLF3_5,B_1401,0.0007
KTASSLQKW,BMRF1,B_5801,0.0011
SEEPLAQAF,BBLF2_BBLF3,B_4404,0.0045
SEWDVTQAL,BORF2,B_4002,0.0042
SEFDIFINY,BCRF1,B_4701,0.0058
RPAPPKIAM,EBNA-3A,B_8101,0.0019
SHMPLLTSA,BLLF1,B_3906,0.0012
EEAPAAVSF,BMRF1,B_4405,0.0042
FPIPQAPAL,BPLF1,B_3503,0.0006
RPRPPARSL,EBNA-LP,B_4201,0.0014
AEATAILEA,BBLF2_BBLF3,B_4101,0.0047
YLIPETVPY,BLLF1,B_4601,0.0041
YHHFKTIEL,BALF4,B_3901,0.0013
SELKIHLAA,BLLF3,B_4006,0.0044
AEHVRVQQL,BSLF1,B_4102,0.0024
RQSPIFLTL,BcRF1,B_4801,0.0011
KTASSLQKW,BMRF1,B_5802,0.0029
HMHLGSVSY,BDLF1,B_1502,0.0018
LSLPPGPTF,BXRF1,B_1517,0.002
NHSDAPVAF,BFLF1,B_1518,0.0027
LSLPPGPTF,BXRF1,B_1516,0.0042
FPAQIANSA,BPLF1,B_5401,0.0012
KTASSLQKW,BMRF1,B_5702,0.0023
LPVPRVITY,BcRF1,B_3505,0.0016
DRHYFVMTA,BSLF1,B_7301,0.0031
NPDLYVTTY,BMRF1,B_3508,0.0023
KSYARIHTF,LF2,B_5703,0.0021
HHISTEMEL,BcLF1,B_1510,0.0017
RPRPPARSL,EBNA-LP,B_705,0.0008
NHSDAPVAF,BFLF1,B_3802,0.0028
RRFSWTLFL,BHRF1,B_2704,0.0043
RQSPIFLTL,BcRF1,B_1301,0.0013
FPYAGPPPV,LF1,B_7801,0.0031
FPIPQAPAL,BPLF1,B_3502,0.0005
LPVPRVITY,BcRF1,B_3543,0.0014
TPAPVPQPL,BRLF1,B_3910,0.0019
ALYEASTTY,BXLF2,B_1525,0.0012
DEHVLSLVF,BXLF2,B_1803,0.002
YAGPPPVAW,LF1,B_1513,0.0057
HMHLGSVSY,BDLF1,B_1521,0.0022
ALYEASTTY,BXLF2,B_1504,0.0047
FPDFSVLTV,BARF1,B_5105,0.004
FPHPSKPTF,BRLF1,B_5106,0.0027
RRFSWTLFL,BHRF1,B_2707,0.0052
RQIPKIQNF,BXLF2,B_1524,0.0022
FPIPQAPAL,BPLF1,B_5604,0.0019
TPAPVPQPL,BRLF1,B_8201,0.0039
IPIPLPQAA,BPLF1,B_5502,0.0022
FAAPKVVLL,BGLF4,C_303,0.0006
TFDSPVQRL,BBRF1,C_401,0.0012
FAAPKVVLL,BGLF4,C_202,0.0015
VRYDYGHYL,BNRF1,C_602,0.0011
FAAPKVVLL,BGLF4,C_304,0.0006
AYPPLVHTY,BFLF1,C_702,0.0018
YTDPPSRSL,BORF2,C_501,0.0011
,,,
VRYDYGHYL,BNRF1,C_701,0.003
SAPTSPITL,BPLF1,C_102,0.0017
YTDPPSRSL,BORF2,C_704,0.0055
QYIPPSREM,BBRF1,C_1402,0.003
FAAPKVVLL,BGLF4,C_1601,0.0016
FAAPKVVLL,BGLF4,C_1203,0.0011
FAAPKVVLL,BGLF4,C_1602,0.0015
AADPFSSHL,BSLF1,C_802,0.001
YTDPPSRSL,BORF2,C_1701,0.0006
HAIPFHMFY,BcLF1,C_302,0.002
YTDPPSRSL,BORF2,C_1502,0.0026
FAAPKVVLL,BGLF4,C_1202,0.0021
YTDPPSRSL,BORF2,C_801,0.0005
YTDPPSRSL,BORF2,C_403,0.001
FAAPKVVLL,BGLF4,C_1604,0.0015
YTDPPSRSL,BORF2,C_1505,0.0009
FAAPKVVLL,BGLF4,C_726,0.0026
YTDPPSRSL,BORF2,C_804,0.0004
TFDSPVQRL,BBRF1,C_1801,0.0022
QYIPPSREM,BBRF1,C_1403,0.003
FAAPKVVLL,BGLF4,C_305,0.0013
VRYDYGHYL,BNRF1,C_701,0.003
AADPFSSHL,BSLF1,C_802,0.001
,,,
FAAPKVVLL,BGLF4,C_1601,0.0016
AYPPLVHTY,BFLF1,C_702,0.0018
FAAPKVVLL,BGLF4,C_1203,0.0011
YTDPPSRSL,BORF2,C_1502,0.0026
FAAPKVVLL,BGLF4,C_304,0.0006
TFDSPVQRL,BBRF1,C_401,0.0012
YTDPPSRSL,BORF2,C_501,0.0011
VRYDYGHYL,BNRF1,C_602,0.0011
FAAPKVVLL,BGLF4,C_303,0.0006
QYIPPSREM,BBRF1,C_1402,0.003
FAAPKVVLL,BGLF4,C_1202,0.0021
FAAPKVVLL,BGLF4,C_202,0.0015
TFDSPVQRL,BBRF1,C_1801,0.0022
YTDPPSRSL,BORF2,C_704,0.0055
YTDPPSRSL,BORF2,C_1701,0.0006
YTDPPSRSL,BORF2,C_801,0.0005
FAAPKVVLL,BGLF4,C_1602,0.0015
FAAPKVVLL,BGLF4,C_1604,0.0015
HAIPFHMFY,BcLF1,C_302,0.002
YTDPPSRSL,BORF2,C_403,0.001
YTDPPSRSL,BORF2,C_1505,0.0009
YTDPPSRSL,BORF2,C_804,0.0004
QYIPPSREM,BBRF1,C_1403,0.003
HAIPFHMFY,BcLF1,C_1504,0.003
FAAPKVVLL,BGLF4,C_726,0.0026
YTDPPSRSL,BORF2,C_306,0.0005
